,Class,Precision,Recall,F1-Score,Support
1,A-,0.20710059171597633,0.23178807947019867,0.21875,151.0
5,B-,0.152,0.17117117117117117,0.16101694915254236,111.0
6,O+,0.14893617021276595,0.16535433070866143,0.15671641791044777,127.0
0,A+,0.10344827586206896,0.10714285714285714,0.10526315789473684,84.0
3,AB-,0.11458333333333333,0.09649122807017543,0.10476190476190476,114.0
4,B+,0.10112359550561797,0.09278350515463918,0.0967741935483871,97.0
7,O-,0.0898876404494382,0.07547169811320754,0.08205128205128205,106.0
2,AB+,0.04,0.03773584905660377,0.038834951456310676,106.0
