Model,Parameter Count,Parameters (M)
Optimized CNN,11149352,11.149352
EfficientNetB3,11706935,11.706935
VGG16,15113800,15.1138
ResNet50,24773256,24.773256
Ensemble,51036408,51.036408
